{"cameraMode":{"drawMode":0,"name":"Shaded","section":"Shading Mode"},"sceneLighting":true,"audioPlay":false,"sceneViewState":{"showFog":true,"showMaterialUpdate":true,"showSkybox":true,"showFlares":true,"showImageEffects":true,"showParticleSystems":true},"in2DMode":false,"pivot":{"x":142.3709716796875,"y":-7.139530181884766,"z":-37.488182067871097},"rotation":{"x":-0.04777304828166962,"y":-0.9019993543624878,"z":0.1035793349146843,"w":-0.41649168729782107},"size":114.4232177734375,"orthographic":false}